-- MySQL dump 10.13  Distrib 5.1.50, for Win32 (ia32)
--
-- Host: localhost    Database: stoman
-- ------------------------------------------------------
-- Server version	5.1.50-community

/*!40101 SET @OLD_CHARACTER_SET_CLIENT=@@CHARACTER_SET_CLIENT */;
/*!40101 SET @OLD_CHARACTER_SET_RESULTS=@@CHARACTER_SET_RESULTS */;
/*!40101 SET @OLD_COLLATION_CONNECTION=@@COLLATION_CONNECTION */;
/*!40101 SET NAMES utf8 */;
/*!40103 SET @OLD_TIME_ZONE=@@TIME_ZONE */;
/*!40103 SET TIME_ZONE='+00:00' */;
/*!40014 SET @OLD_UNIQUE_CHECKS=@@UNIQUE_CHECKS, UNIQUE_CHECKS=0 */;
/*!40014 SET @OLD_FOREIGN_KEY_CHECKS=@@FOREIGN_KEY_CHECKS, FOREIGN_KEY_CHECKS=0 */;
/*!40101 SET @OLD_SQL_MODE=@@SQL_MODE, SQL_MODE='NO_AUTO_VALUE_ON_ZERO' */;
/*!40111 SET @OLD_SQL_NOTES=@@SQL_NOTES, SQL_NOTES=0 */;

--
-- Table structure for table `addresses`
--

DROP TABLE IF EXISTS `addresses`;
/*!40101 SET @saved_cs_client     = @@character_set_client */;
/*!40101 SET character_set_client = utf8 */;
CREATE TABLE `addresses` (
  `address_id` int(11) NOT NULL,
  `street_name_1` varchar(45) DEFAULT NULL,
  `street_name_2` varchar(45) DEFAULT NULL,
  `area` varchar(45) DEFAULT NULL,
  `city` varchar(45) DEFAULT NULL,
  `zip` int(11) DEFAULT NULL,
  `state` varchar(45) DEFAULT NULL,
  `country` varchar(45) DEFAULT NULL,
  `phone` varchar(45) DEFAULT NULL,
  `mobile` varchar(45) DEFAULT NULL,
  `fax` varchar(45) DEFAULT NULL,
  `email` varchar(45) DEFAULT NULL,
  PRIMARY KEY (`address_id`)
) ENGINE=InnoDB DEFAULT CHARSET=latin1;
/*!40101 SET character_set_client = @saved_cs_client */;

--
-- Dumping data for table `addresses`
--

LOCK TABLES `addresses` WRITE;
/*!40000 ALTER TABLE `addresses` DISABLE KEYS */;
INSERT INTO `addresses` VALUES (1,'','','','',0,'','',NULL,NULL,NULL,NULL),(32,'test11','tetst','twtst','',0,'','gdfcountry',NULL,NULL,NULL,NULL),(39,'sdfhvsh','hvhdvfhv','hvdhvfh','jvhdvh',0,'hvhfvghf','',NULL,NULL,NULL,NULL),(56,'','','','',0,'','',NULL,NULL,NULL,NULL),(57,'','','','',0,'','',NULL,NULL,NULL,NULL),(58,'ghfg','jkb','jkbj','bj',0,'b','jbj',NULL,NULL,NULL,NULL),(59,NULL,NULL,NULL,NULL,NULL,NULL,NULL,NULL,NULL,NULL,NULL),(60,NULL,NULL,NULL,NULL,NULL,NULL,NULL,NULL,NULL,NULL,NULL),(61,'dvfgy','yvyuv','','',0,'','',NULL,NULL,NULL,NULL),(62,'','','','',0,'','',NULL,NULL,NULL,NULL),(63,'','','','',0,'','',NULL,NULL,NULL,NULL),(64,'','','','',0,'','',NULL,NULL,NULL,NULL),(65,'','','','',0,'','',NULL,NULL,NULL,NULL),(66,'','','','',0,'','',NULL,NULL,NULL,NULL),(67,'','','','',0,'','',NULL,NULL,NULL,NULL),(68,'','','','',0,'','',NULL,NULL,NULL,NULL),(69,'','','','',0,'','',NULL,NULL,NULL,NULL),(70,'','','','',0,'','',NULL,NULL,NULL,NULL),(71,'','','','',0,'','',NULL,NULL,NULL,NULL),(72,'2','','','',0,'','',NULL,NULL,NULL,NULL),(73,'2','','','',0,'','',NULL,NULL,NULL,NULL),(74,'2','b','','',0,'','',NULL,NULL,NULL,NULL),(75,'2','bi','','',0,'','',NULL,NULL,NULL,NULL),(76,'2','bin','','',0,'','',NULL,NULL,NULL,NULL),(77,'2','binu','','',0,'','',NULL,NULL,NULL,NULL),(78,'2','binu ','','',0,'','',NULL,NULL,NULL,NULL),(79,'2','binu s','','',0,'','',NULL,NULL,NULL,NULL),(80,'2','binu st','','',0,'','',NULL,NULL,NULL,NULL),(81,'2','binu ste','','',0,'','',NULL,NULL,NULL,NULL),(82,'2','binu st','','',0,'','',NULL,NULL,NULL,NULL),(83,'2','binu str','','',0,'','',NULL,NULL,NULL,NULL),(84,'2','binu stre','','',0,'','',NULL,NULL,NULL,NULL),(85,'2','binu stree','','',0,'','',NULL,NULL,NULL,NULL),(86,'2','binu street','','',0,'','',NULL,NULL,NULL,NULL),(87,'2','binu street','','',0,'','',NULL,NULL,NULL,NULL),(88,'2','binu street','b','',0,'','',NULL,NULL,NULL,NULL),(89,'2','binu street','bin','',0,'','',NULL,NULL,NULL,NULL),(90,'2','binu street','binu','',0,'','',NULL,NULL,NULL,NULL),(91,'2','binu street','binu','',0,'','',NULL,NULL,NULL,NULL),(92,'2','binu street','binu ','',0,'','',NULL,NULL,NULL,NULL),(93,'2','binu street','binu a','',0,'','',NULL,NULL,NULL,NULL),(94,'2','binu street','binu at','',0,'','',NULL,NULL,NULL,NULL),(95,'2','binu street','binu a','',0,'','',NULL,NULL,NULL,NULL),(96,'2','binu street','binu ar','',0,'','',NULL,NULL,NULL,NULL),(97,'2','binu street','binu are','',0,'','',NULL,NULL,NULL,NULL),(98,'2','binu street','binu area','',0,'','',NULL,NULL,NULL,NULL),(99,'2','binu street','binu area','',0,'','',NULL,NULL,NULL,NULL),(100,'2','binu street','binu area','bi',0,'','',NULL,NULL,NULL,NULL),(101,'2','binu street','binu area','bin',0,'','',NULL,NULL,NULL,NULL),(102,'2','binu street','binu area','binu',0,'','',NULL,NULL,NULL,NULL),(103,'2','binu street','binu area','binu',0,'','',NULL,NULL,NULL,NULL),(104,'2','binu street','binu area','binu ',0,'','',NULL,NULL,NULL,NULL),(105,'2','binu street','binu area','binu c',0,'','',NULL,NULL,NULL,NULL),(106,'2','binu street','binu area','binu ci',0,'','',NULL,NULL,NULL,NULL),(107,'2','binu street','binu area','binu cit',0,'','',NULL,NULL,NULL,NULL),(108,'2','binu street','binu area','binu city',0,'','',NULL,NULL,NULL,NULL),(109,'2','binu street','binu area','binu city',0,'','',NULL,NULL,NULL,NULL),(110,'2','binu street','binu area','binu city',6,'','',NULL,NULL,NULL,NULL),(111,'2','binu street','binu area','binu city',60,'','',NULL,NULL,NULL,NULL),(112,'2','binu street','binu area','binu city',600,'','',NULL,NULL,NULL,NULL),(113,'2','binu street','binu area','binu city',6000,'','',NULL,NULL,NULL,NULL),(114,'2','binu street','binu area','binu city',60001,'','',NULL,NULL,NULL,NULL),(115,'2','binu street','binu area','binu city',600015,'','',NULL,NULL,NULL,NULL),(116,'2','binu street','binu area','binu city',600015,'','',NULL,NULL,NULL,NULL),(117,'2','binu street','binu area','binu city',600015,'','',NULL,NULL,NULL,NULL),(118,'2','binu street','binu area','binu city',600015,'','',NULL,NULL,NULL,NULL),(119,'','','','',0,'','',NULL,NULL,NULL,NULL),(120,'','','','',0,'','',NULL,NULL,NULL,NULL),(121,'','','','',0,'','',NULL,NULL,NULL,NULL),(122,'','','','',0,'','',NULL,NULL,NULL,NULL),(123,'','','','',0,'','',NULL,NULL,NULL,NULL),(124,'','','','',0,'','',NULL,NULL,NULL,NULL),(125,'binu1','bi','spspsp','',0,'','knk',NULL,NULL,NULL,NULL),(126,'dfds','dfgdf','kdngfdn','nn',0,'knkn','knk',NULL,NULL,NULL,NULL),(127,'dfds','dfgdf','kdngfdn','nn',0,'knkn','knk',NULL,NULL,NULL,NULL),(128,'binu1','bi','spspsp','',0,'','knk',NULL,NULL,NULL,NULL),(129,'','','','',0,'','',NULL,NULL,NULL,NULL),(130,'test','twt','tst','gnfgn',0,'1','',NULL,NULL,NULL,NULL),(131,'','','','',0,'','',NULL,NULL,NULL,NULL),(132,'2, New Vendor Plot','New Vendor Street','New Vendor Area','New Vendor City',600015,'New Vendor State','New Vendor Country',NULL,NULL,NULL,NULL),(133,'','','','',0,'','',NULL,NULL,NULL,NULL),(134,'hvfhhjvfh','hfdvh','hvhv','hjvdhv',8888,'','',NULL,NULL,NULL,NULL),(135,'test','twst','twt','test',8575757,'tn','indua',NULL,NULL,NULL,NULL),(136,'','','','',0,'','',NULL,NULL,NULL,NULL),(137,'','','','',0,'','',NULL,NULL,NULL,NULL),(138,'','','','',0,'','',NULL,NULL,NULL,NULL),(139,'','','','',0,'','',NULL,NULL,NULL,NULL),(140,'','','','',0,'','',NULL,NULL,NULL,NULL),(141,'','','','',0,'','',NULL,NULL,NULL,NULL),(142,'','','','',0,'','',NULL,NULL,NULL,NULL),(143,'new plot','vendor stree','vendor area','vendor city',600015,'vendor state1','vendor country','044-4353','+9190032547','yht6578','tr@y');
/*!40000 ALTER TABLE `addresses` ENABLE KEYS */;
UNLOCK TABLES;

--
-- Table structure for table `materials`
--

DROP TABLE IF EXISTS `materials`;
/*!40101 SET @saved_cs_client     = @@character_set_client */;
/*!40101 SET character_set_client = utf8 */;
CREATE TABLE `materials` (
  `material_id` int(11) NOT NULL,
  `name` varchar(45) NOT NULL,
  `sensitivity` int(11) DEFAULT NULL,
  `importance` int(11) DEFAULT NULL,
  PRIMARY KEY (`material_id`),
  UNIQUE KEY `name_UNIQUE` (`name`)
) ENGINE=InnoDB DEFAULT CHARSET=latin1;
/*!40101 SET character_set_client = @saved_cs_client */;

--
-- Dumping data for table `materials`
--

LOCK TABLES `materials` WRITE;
/*!40000 ALTER TABLE `materials` DISABLE KEYS */;
INSERT INTO `materials` VALUES (1,'',1,1),(2,'brick',1,1),(3,'sand',1,1),(4,'rod',1,1),(5,'brick2',NULL,NULL),(6,'brick3',NULL,NULL),(7,'brick4',NULL,NULL),(8,'material121',1,1),(9,'brick45',NULL,NULL),(10,'brickw',NULL,NULL),(11,'nbrick',NULL,NULL),(12,'bvndr1',NULL,NULL),(13,'brick1',NULL,NULL),(14,'brick12',NULL,NULL),(15,'rm1',NULL,NULL),(16,'rm4',NULL,NULL),(17,'non',NULL,NULL),(18,'newmateri',NULL,NULL),(19,'testmat',NULL,NULL);
/*!40000 ALTER TABLE `materials` ENABLE KEYS */;
UNLOCK TABLES;

--
-- Table structure for table `purchase_materials`
--

DROP TABLE IF EXISTS `purchase_materials`;
/*!40101 SET @saved_cs_client     = @@character_set_client */;
/*!40101 SET character_set_client = utf8 */;
CREATE TABLE `purchase_materials` (
  `purchase_material_id` int(11) NOT NULL,
  `purchase_order_id` int(11) NOT NULL,
  `date` datetime NOT NULL,
  `vendor_material_id` int(11) NOT NULL,
  `ordered_quantity` int(11) NOT NULL,
  `received_quantity` int(11) NOT NULL,
  `created_by` int(11) NOT NULL,
  `modified_by` int(11) DEFAULT NULL,
  `modified_date` int(11) DEFAULT NULL,
  `due_date` datetime DEFAULT NULL,
  `delievered_date` datetime DEFAULT NULL,
  `cancelled_date` datetime DEFAULT NULL,
  `transportaton_charge` decimal(10,2) DEFAULT NULL,
  `ordered_price_per_qty` decimal(10,2) DEFAULT NULL,
  PRIMARY KEY (`purchase_material_id`),
  KEY `fk_purshase_orders_purshase_order_materials` (`purchase_order_id`),
  KEY `fk_vendor_materials_purchase_order_materials` (`vendor_material_id`),
  KEY `fk_users_purchase_materials` (`modified_by`),
  CONSTRAINT `fk_purshase_orders_purshase_order_materials` FOREIGN KEY (`purchase_order_id`) REFERENCES `purchase_orders` (`purchase_order_id`) ON DELETE NO ACTION ON UPDATE NO ACTION,
  CONSTRAINT `fk_users_purchase_materials` FOREIGN KEY (`modified_by`) REFERENCES `users` (`user_id`) ON DELETE NO ACTION ON UPDATE NO ACTION,
  CONSTRAINT `fk_vendor_materials_purchase_order_materials` FOREIGN KEY (`vendor_material_id`) REFERENCES `vendor_materials` (`vendor_material_id`) ON DELETE NO ACTION ON UPDATE NO ACTION
) ENGINE=InnoDB DEFAULT CHARSET=latin1;
/*!40101 SET character_set_client = @saved_cs_client */;

--
-- Dumping data for table `purchase_materials`
--

LOCK TABLES `purchase_materials` WRITE;
/*!40000 ALTER TABLE `purchase_materials` DISABLE KEYS */;
INSERT INTO `purchase_materials` VALUES (1,2,'2011-02-22 01:51:15',1,3,0,1,NULL,NULL,NULL,NULL,NULL,NULL,NULL),(2,3,'2011-02-22 01:53:20',1,56,0,1,NULL,NULL,NULL,NULL,NULL,NULL,NULL),(3,3,'2011-02-22 01:53:20',2,45,0,1,NULL,NULL,NULL,NULL,NULL,NULL,NULL),(4,4,'2011-02-22 01:54:42',2,45,0,1,NULL,NULL,NULL,NULL,NULL,NULL,NULL),(5,4,'2011-02-22 01:54:42',1,56,0,1,NULL,NULL,NULL,NULL,NULL,NULL,NULL),(6,5,'2011-02-22 01:56:48',8,3,0,1,NULL,NULL,NULL,NULL,NULL,NULL,NULL),(7,6,'2011-02-22 06:04:10',2,33,0,1,NULL,NULL,NULL,NULL,NULL,NULL,NULL),(8,6,'2011-02-22 06:04:10',8,3434,0,1,NULL,NULL,NULL,NULL,NULL,NULL,NULL),(9,6,'2011-02-22 06:04:10',1,343,0,1,NULL,NULL,NULL,NULL,NULL,NULL,NULL),(11,8,'2011-03-04 10:17:05',1,0,0,0,1,NULL,NULL,NULL,NULL,NULL,NULL),(12,9,'2011-03-04 10:17:08',1,23,0,0,1,NULL,NULL,NULL,NULL,NULL,NULL),(13,10,'2011-03-04 10:17:10',1,23,3,0,1,NULL,NULL,NULL,NULL,NULL,NULL),(14,11,'2011-03-04 10:17:57',1,23,3,0,1,NULL,NULL,NULL,NULL,NULL,NULL),(15,12,'2011-03-04 10:17:58',1,23,3,0,1,NULL,NULL,NULL,NULL,NULL,NULL),(16,13,'2011-03-04 10:20:35',1,0,0,0,1,NULL,NULL,NULL,NULL,NULL,NULL),(18,15,'2011-03-05 06:58:36',1,0,0,0,1,NULL,NULL,NULL,NULL,NULL,NULL),(19,15,'2011-03-05 06:59:29',1,0,0,0,1,NULL,NULL,NULL,NULL,NULL,NULL),(20,15,'2011-03-05 06:59:42',1,0,0,0,1,NULL,NULL,NULL,NULL,NULL,NULL),(22,17,'2011-03-05 07:02:28',1,0,0,0,1,NULL,NULL,NULL,NULL,NULL,NULL),(23,17,'2011-03-05 07:13:13',1,0,0,0,1,NULL,NULL,NULL,NULL,NULL,NULL),(24,17,'2011-03-05 07:13:16',1,0,0,0,1,NULL,NULL,NULL,NULL,NULL,NULL),(25,18,'2011-03-05 07:14:42',1,0,0,0,1,NULL,NULL,NULL,NULL,NULL,NULL),(26,19,'2011-03-05 07:14:44',1,0,0,0,1,NULL,NULL,NULL,NULL,NULL,NULL),(27,18,'2011-03-05 07:15:22',1,0,0,0,1,NULL,NULL,NULL,NULL,NULL,NULL),(28,18,'2011-03-05 07:15:50',1,0,0,0,1,NULL,NULL,NULL,NULL,NULL,NULL),(29,20,'2011-03-05 07:20:31',1,0,0,0,1,NULL,NULL,NULL,NULL,NULL,NULL),(30,21,'2011-03-05 07:20:20',1,0,0,0,1,NULL,NULL,NULL,NULL,NULL,NULL),(31,20,'2011-03-05 07:20:44',1,0,0,0,1,NULL,NULL,NULL,NULL,NULL,NULL),(32,21,'2011-03-05 07:20:56',1,0,0,0,1,NULL,NULL,NULL,NULL,NULL,NULL),(33,21,'2011-03-05 07:21:15',1,0,0,0,1,NULL,NULL,NULL,NULL,NULL,NULL),(34,20,'2011-03-05 07:21:26',1,0,0,0,1,NULL,NULL,NULL,NULL,NULL,NULL),(35,21,'2011-03-05 07:21:31',1,0,0,0,1,NULL,NULL,NULL,NULL,NULL,NULL),(36,20,'2011-03-05 07:21:49',1,0,0,0,1,NULL,NULL,NULL,NULL,NULL,NULL),(37,21,'2011-03-05 07:21:50',1,0,0,0,1,NULL,NULL,NULL,NULL,NULL,NULL),(38,23,'2011-03-05 07:57:05',1,1,0,0,1,NULL,NULL,NULL,NULL,NULL,NULL),(39,23,'2011-03-05 07:57:06',1,1,0,0,1,NULL,NULL,NULL,NULL,NULL,NULL),(40,23,'2011-03-05 07:57:32',1,1,0,0,1,NULL,NULL,NULL,NULL,NULL,NULL),(41,23,'2011-03-05 07:58:27',1,1,0,0,1,NULL,NULL,NULL,NULL,NULL,NULL),(42,23,'2011-03-05 07:58:51',1,1,0,0,1,NULL,NULL,NULL,NULL,NULL,NULL),(43,23,'2011-03-05 07:58:51',1,1,0,0,1,NULL,NULL,NULL,NULL,NULL,NULL),(44,25,'2011-03-05 08:03:36',1,2,0,0,1,NULL,NULL,NULL,NULL,NULL,NULL),(45,25,'2011-03-05 08:03:49',1,2,0,0,1,NULL,NULL,NULL,NULL,NULL,NULL),(46,25,'2011-03-05 08:04:34',1,2,0,0,1,NULL,NULL,NULL,NULL,NULL,NULL),(47,25,'2011-03-05 08:06:01',1,2,0,0,1,NULL,NULL,NULL,NULL,NULL,NULL),(48,25,'2011-03-05 08:06:02',1,2,0,0,1,NULL,NULL,NULL,NULL,NULL,NULL),(49,30,'2011-03-05 08:07:00',1,2,0,0,1,NULL,NULL,NULL,NULL,NULL,NULL),(50,31,'2011-03-05 08:07:00',1,2,0,0,1,NULL,NULL,NULL,NULL,NULL,NULL),(51,30,'2011-03-05 08:07:15',1,2,0,0,1,NULL,NULL,NULL,NULL,NULL,NULL),(52,30,'2011-03-05 08:07:16',1,2,0,0,1,NULL,NULL,NULL,NULL,NULL,NULL),(53,30,'2011-03-05 08:07:32',1,2,0,0,1,NULL,NULL,NULL,NULL,NULL,NULL),(54,32,'2011-03-05 08:08:21',1,2,0,0,1,NULL,NULL,NULL,NULL,NULL,NULL),(55,32,'2011-03-05 08:08:24',1,2,0,0,1,NULL,NULL,NULL,NULL,NULL,NULL),(56,32,'2011-03-05 08:09:54',1,2,0,0,1,NULL,NULL,NULL,NULL,NULL,NULL),(57,32,'2011-03-05 08:09:56',1,1,0,0,1,NULL,NULL,NULL,NULL,NULL,NULL),(58,32,'2011-03-05 08:09:58',1,1,0,0,1,NULL,NULL,NULL,NULL,NULL,NULL),(59,32,'2011-03-05 08:12:39',1,1,0,0,1,NULL,NULL,NULL,NULL,NULL,NULL),(60,35,'2011-03-05 08:13:27',1,3,0,0,1,NULL,NULL,NULL,NULL,NULL,NULL),(61,35,'2011-03-05 08:13:41',1,2,0,0,1,NULL,NULL,NULL,NULL,NULL,NULL),(62,35,'2011-03-05 08:13:43',1,2,0,0,1,NULL,NULL,NULL,NULL,NULL,NULL),(63,35,'2011-03-05 08:14:23',1,2,0,0,1,NULL,NULL,NULL,NULL,NULL,NULL),(64,38,'2011-03-05 08:15:05',1,4,0,0,1,NULL,NULL,NULL,NULL,NULL,NULL),(65,39,'2011-03-05 08:15:07',1,4,0,0,1,NULL,NULL,NULL,NULL,NULL,NULL),(66,42,'2011-03-05 08:18:26',1,3,0,0,1,NULL,NULL,NULL,NULL,NULL,NULL),(67,43,'2011-03-05 08:18:28',1,3,0,0,1,NULL,NULL,NULL,NULL,NULL,NULL),(68,44,'2011-03-05 08:18:29',1,3,0,0,1,NULL,NULL,NULL,NULL,NULL,NULL),(69,50,'2011-03-05 08:25:17',1,2,0,0,1,NULL,NULL,NULL,NULL,NULL,NULL),(70,51,'2011-03-05 08:25:20',1,2,0,0,1,NULL,NULL,NULL,NULL,NULL,NULL),(71,52,'2011-03-05 08:36:49',1,2,0,0,1,NULL,NULL,NULL,NULL,NULL,NULL),(72,52,'2011-03-05 08:37:10',1,2,0,0,1,NULL,NULL,NULL,NULL,NULL,NULL),(73,52,'2011-03-05 08:37:42',1,2,0,0,1,NULL,NULL,NULL,NULL,NULL,NULL),(74,52,'2011-03-05 08:37:46',1,2,0,0,1,NULL,NULL,NULL,NULL,NULL,NULL),(75,52,'2011-03-05 08:38:12',1,2,0,0,1,NULL,NULL,NULL,NULL,NULL,NULL),(76,52,'2011-03-05 08:38:14',1,2,0,0,1,NULL,NULL,NULL,NULL,NULL,NULL),(77,52,'2011-03-05 08:38:16',1,2,0,0,1,NULL,NULL,NULL,NULL,NULL,NULL),(78,53,'2011-03-05 08:38:27',1,4,0,0,1,NULL,NULL,NULL,NULL,NULL,NULL),(79,53,'2011-03-05 08:38:35',1,4,0,0,1,NULL,NULL,NULL,NULL,NULL,NULL),(80,53,'2011-03-05 08:50:45',1,4,0,0,1,NULL,NULL,NULL,NULL,NULL,NULL),(81,53,'2011-03-05 08:50:50',1,4,0,0,1,NULL,NULL,NULL,NULL,NULL,NULL),(82,53,'2011-03-05 08:50:52',1,4,0,0,1,NULL,NULL,NULL,NULL,NULL,NULL),(83,53,'2011-03-05 08:50:53',1,4,0,0,1,NULL,NULL,NULL,NULL,NULL,NULL),(84,53,'2011-03-05 08:50:55',1,4,0,0,1,NULL,NULL,NULL,NULL,NULL,NULL),(85,53,'2011-03-05 08:50:55',1,4,0,0,1,NULL,NULL,NULL,NULL,NULL,NULL),(86,53,'2011-03-05 08:50:56',1,4,0,0,1,NULL,NULL,NULL,NULL,NULL,NULL),(87,53,'2011-03-05 08:50:59',1,4,0,0,1,NULL,NULL,NULL,NULL,NULL,NULL),(88,53,'2011-03-05 08:51:01',1,5,0,0,1,NULL,NULL,NULL,NULL,NULL,NULL),(89,53,'2011-03-05 08:51:05',1,5,0,0,1,NULL,NULL,NULL,NULL,NULL,NULL),(90,53,'2011-03-05 08:51:22',1,5,0,0,1,NULL,NULL,NULL,NULL,NULL,NULL),(91,53,'2011-03-05 08:52:20',1,5,0,0,1,NULL,NULL,NULL,NULL,NULL,NULL),(92,53,'2011-03-05 08:52:49',1,5,0,0,1,NULL,NULL,NULL,NULL,NULL,NULL),(93,54,'2011-03-05 08:52:59',1,45,0,0,1,NULL,NULL,NULL,NULL,NULL,NULL),(94,54,'2011-03-05 08:53:10',1,45,0,0,1,NULL,NULL,NULL,NULL,NULL,NULL),(95,54,'2011-03-05 08:53:43',1,45,0,0,1,NULL,NULL,NULL,NULL,NULL,NULL),(96,54,'2011-03-05 09:05:44',1,45,0,0,1,NULL,NULL,NULL,NULL,NULL,NULL),(97,55,'2011-03-05 09:05:57',1,42,0,0,1,NULL,NULL,NULL,NULL,NULL,NULL),(98,55,'2011-03-05 09:08:28',1,42,0,0,1,NULL,NULL,NULL,NULL,NULL,NULL),(99,55,'2011-03-05 09:19:58',1,42,0,0,1,NULL,NULL,NULL,NULL,NULL,NULL),(100,55,'2011-03-05 09:20:24',1,42,0,0,1,NULL,NULL,NULL,NULL,NULL,NULL),(101,55,'2011-03-05 09:28:02',1,42,0,0,1,NULL,NULL,NULL,NULL,NULL,NULL),(102,56,'2011-03-05 09:37:11',1,44,0,0,1,NULL,NULL,NULL,NULL,NULL,NULL),(103,57,'2011-03-05 09:37:19',1,44,0,0,1,NULL,NULL,NULL,NULL,NULL,NULL),(104,58,'2011-03-05 09:37:25',1,44,0,0,1,NULL,NULL,NULL,NULL,NULL,NULL),(105,59,'2011-03-05 09:37:58',1,44,0,0,1,NULL,NULL,NULL,NULL,NULL,NULL),(106,60,'2011-03-05 09:38:02',1,44,0,0,1,NULL,NULL,NULL,NULL,NULL,NULL),(107,61,'2011-03-05 09:38:04',1,44,0,0,1,NULL,NULL,NULL,NULL,NULL,NULL),(108,62,'2011-03-05 09:38:07',1,44,0,0,1,NULL,NULL,NULL,NULL,NULL,NULL),(109,63,'2011-03-05 09:38:08',1,44,0,0,1,NULL,NULL,NULL,NULL,NULL,NULL),(110,64,'2011-03-05 09:38:09',1,44,0,0,1,NULL,NULL,NULL,NULL,NULL,NULL),(111,65,'2011-03-05 09:38:10',1,44,0,0,1,NULL,NULL,NULL,NULL,NULL,NULL),(112,66,'2011-03-05 09:38:11',1,44,0,0,1,NULL,NULL,NULL,NULL,NULL,NULL),(113,67,'2011-03-05 09:38:12',1,44,0,0,1,NULL,NULL,NULL,NULL,NULL,NULL),(114,68,'2011-03-05 09:38:13',1,44,0,0,1,NULL,NULL,NULL,NULL,NULL,NULL),(115,69,'2011-03-05 09:38:14',1,44,0,0,1,NULL,NULL,NULL,NULL,NULL,NULL),(116,70,'2011-03-05 09:38:15',1,44,0,0,1,NULL,NULL,NULL,NULL,NULL,NULL),(117,71,'2011-03-05 09:38:16',1,44,0,0,1,NULL,NULL,NULL,NULL,NULL,NULL),(118,72,'2011-03-05 09:38:17',1,44,0,0,1,NULL,NULL,NULL,NULL,NULL,NULL),(119,73,'2011-03-05 09:38:18',1,44,0,0,1,NULL,NULL,NULL,NULL,NULL,NULL),(120,74,'2011-03-05 09:38:19',1,44,0,0,1,NULL,NULL,NULL,NULL,NULL,NULL),(121,75,'2011-03-05 09:38:20',1,44,0,0,1,NULL,NULL,NULL,NULL,NULL,NULL),(122,76,'2011-03-05 09:38:21',1,44,0,0,1,NULL,NULL,NULL,NULL,NULL,NULL),(123,77,'2011-03-05 09:38:22',1,44,0,0,1,NULL,NULL,NULL,NULL,NULL,NULL),(124,78,'2011-03-05 09:38:23',1,44,0,0,1,NULL,NULL,NULL,NULL,NULL,NULL),(125,79,'2011-03-05 09:38:24',1,44,0,0,1,NULL,NULL,NULL,NULL,NULL,NULL),(126,80,'2011-03-05 09:38:25',1,44,0,0,1,NULL,NULL,NULL,NULL,NULL,NULL),(127,81,'2011-03-05 09:38:26',1,44,0,0,1,NULL,NULL,NULL,NULL,NULL,NULL),(128,82,'2011-03-05 09:38:27',1,44,0,0,1,NULL,NULL,NULL,NULL,NULL,NULL),(129,83,'2011-03-05 09:38:28',1,44,0,0,1,NULL,NULL,NULL,NULL,NULL,NULL),(130,84,'2011-03-05 09:38:29',1,44,0,0,1,NULL,NULL,NULL,NULL,NULL,NULL),(131,85,'2011-03-05 09:38:30',1,44,0,0,1,NULL,NULL,NULL,NULL,NULL,NULL),(132,86,'2011-03-05 09:38:31',1,44,0,0,1,NULL,NULL,NULL,NULL,NULL,NULL),(133,87,'2011-03-05 09:38:32',1,44,0,0,1,NULL,NULL,NULL,NULL,NULL,NULL),(134,88,'2011-03-05 09:38:33',1,44,0,0,1,NULL,NULL,NULL,NULL,NULL,NULL),(135,89,'2011-03-05 09:38:34',1,44,0,0,1,NULL,NULL,NULL,NULL,NULL,NULL),(136,90,'2011-03-05 09:38:35',1,44,0,0,1,NULL,NULL,NULL,NULL,NULL,NULL),(137,91,'2011-03-05 09:38:36',1,44,0,0,1,NULL,NULL,NULL,NULL,NULL,NULL),(138,92,'2011-03-05 09:38:37',1,44,0,0,1,NULL,NULL,NULL,NULL,NULL,NULL),(139,93,'2011-03-05 09:38:38',1,44,0,0,1,NULL,NULL,NULL,NULL,NULL,NULL),(140,94,'2011-03-05 09:38:39',1,44,0,0,1,NULL,NULL,NULL,NULL,NULL,NULL),(141,95,'2011-03-05 09:38:40',1,44,0,0,1,NULL,NULL,NULL,NULL,NULL,NULL),(142,96,'2011-03-05 09:38:41',1,44,0,0,1,NULL,NULL,NULL,NULL,NULL,NULL),(143,97,'2011-03-05 09:38:42',1,44,0,0,1,NULL,NULL,NULL,NULL,NULL,NULL),(144,98,'2011-03-05 09:38:43',1,44,0,0,1,NULL,NULL,NULL,NULL,NULL,NULL),(145,99,'2011-03-05 09:38:44',1,44,0,0,1,NULL,NULL,NULL,NULL,NULL,NULL),(146,100,'2011-03-05 09:38:45',1,44,0,0,1,NULL,NULL,NULL,NULL,NULL,NULL),(147,101,'2011-03-05 09:38:46',1,44,0,0,1,NULL,NULL,NULL,NULL,NULL,NULL),(148,102,'2011-03-05 09:38:47',1,44,0,0,1,NULL,NULL,NULL,NULL,NULL,NULL),(149,103,'2011-03-05 09:40:17',1,3434,0,0,1,NULL,NULL,NULL,NULL,NULL,NULL),(150,103,'2011-03-05 09:40:27',1,3434,0,0,1,NULL,NULL,NULL,NULL,NULL,NULL),(151,103,'2011-03-05 09:40:32',1,3434,0,0,1,NULL,NULL,NULL,NULL,NULL,NULL),(152,103,'2011-03-05 09:47:21',1,3434,0,0,1,NULL,NULL,NULL,NULL,NULL,NULL),(153,103,'2011-03-05 09:47:27',1,3434,0,0,1,NULL,NULL,NULL,NULL,NULL,NULL),(154,104,'2011-03-05 09:49:00',1,23,0,0,1,NULL,NULL,NULL,NULL,NULL,NULL),(155,104,'2011-03-05 09:49:06',1,23,0,0,1,NULL,NULL,NULL,NULL,NULL,NULL),(156,105,'2011-03-05 09:52:16',1,66,0,0,1,NULL,NULL,NULL,NULL,NULL,NULL),(157,105,'2011-03-05 09:52:22',1,66,0,0,1,NULL,NULL,NULL,NULL,NULL,NULL),(158,105,'2011-03-05 09:52:28',1,66,0,0,1,NULL,NULL,NULL,NULL,NULL,NULL),(159,106,'2011-03-05 09:52:41',1,42334,0,0,1,NULL,NULL,NULL,NULL,NULL,NULL),(160,106,'2011-03-05 09:52:45',1,42334,0,0,1,NULL,NULL,NULL,NULL,NULL,NULL),(161,106,'2011-03-05 09:52:50',1,12,0,0,1,NULL,NULL,NULL,NULL,NULL,NULL),(162,106,'2011-03-05 09:52:52',1,12,0,0,1,NULL,NULL,NULL,NULL,NULL,NULL),(163,106,'2011-03-05 09:52:56',1,1,0,0,1,NULL,NULL,NULL,NULL,NULL,NULL),(164,106,'2011-03-05 09:52:58',1,1,0,0,1,NULL,NULL,NULL,NULL,NULL,NULL),(165,107,'2011-03-05 09:53:30',1,343,0,0,1,NULL,NULL,NULL,NULL,NULL,NULL),(166,107,'2011-03-05 09:53:40',1,343,0,0,1,NULL,NULL,NULL,NULL,NULL,NULL),(167,107,'2011-03-05 09:53:45',1,343,0,0,1,NULL,NULL,NULL,NULL,NULL,NULL),(168,108,'2011-03-05 09:58:33',1,34,0,0,1,NULL,NULL,NULL,NULL,NULL,NULL),(169,108,'2011-03-05 09:58:39',1,34,0,0,1,NULL,NULL,NULL,NULL,NULL,NULL),(170,108,'2011-03-05 09:58:47',1,34,0,0,1,NULL,NULL,NULL,NULL,NULL,NULL),(171,109,'2011-03-05 10:00:52',1,23,0,0,1,NULL,NULL,NULL,NULL,NULL,NULL),(172,109,'2011-03-05 10:01:56',1,23,0,0,1,NULL,NULL,NULL,NULL,NULL,NULL),(173,110,'2011-03-05 10:05:04',1,23,0,0,1,NULL,NULL,NULL,NULL,NULL,NULL),(174,110,'2011-03-05 10:05:39',1,23,0,0,1,NULL,NULL,NULL,NULL,NULL,NULL),(175,110,'2011-03-05 10:05:48',1,23,0,0,1,NULL,NULL,NULL,NULL,NULL,NULL),(176,111,'2011-03-05 10:06:56',1,23,0,0,1,NULL,NULL,NULL,NULL,NULL,NULL),(177,111,'2011-03-05 10:07:06',1,23,0,0,1,NULL,NULL,NULL,NULL,NULL,NULL),(178,112,'2011-03-05 10:08:38',1,23,0,0,1,NULL,NULL,NULL,NULL,NULL,NULL),(179,112,'2011-03-05 10:08:41',1,23,0,0,1,NULL,NULL,NULL,NULL,NULL,NULL),(180,113,'2011-03-05 10:10:44',1,34,0,0,1,NULL,NULL,NULL,NULL,NULL,NULL),(181,113,'2011-03-05 10:10:50',1,34,0,0,1,NULL,NULL,NULL,NULL,NULL,NULL),(182,114,'2011-03-05 12:20:23',1,23,0,0,1,NULL,NULL,NULL,NULL,NULL,NULL),(183,114,'2011-03-05 12:20:32',1,23,0,0,1,NULL,NULL,NULL,NULL,NULL,NULL),(184,115,'2011-03-05 12:21:37',1,12,0,0,1,NULL,NULL,NULL,NULL,NULL,NULL),(185,115,'2011-03-05 12:21:40',1,12,0,0,1,NULL,NULL,NULL,NULL,NULL,NULL),(186,116,'2011-03-05 12:26:07',1,23,0,0,1,NULL,NULL,NULL,NULL,NULL,NULL),(187,116,'2011-03-05 12:26:11',1,23,0,0,1,NULL,NULL,NULL,NULL,NULL,NULL),(188,117,'2011-03-05 12:28:16',1,233,0,0,1,NULL,NULL,NULL,NULL,NULL,NULL),(189,117,'2011-03-05 12:28:20',1,233,0,0,1,NULL,NULL,NULL,NULL,NULL,NULL),(190,118,'2011-03-05 12:41:39',1,34,0,0,1,NULL,NULL,NULL,NULL,NULL,NULL),(191,118,'2011-03-05 12:41:42',1,34,0,0,1,NULL,NULL,NULL,NULL,NULL,NULL),(192,118,'2011-03-05 12:41:58',1,34,0,0,1,NULL,NULL,NULL,NULL,NULL,NULL),(193,118,'2011-03-05 12:43:11',1,34,0,0,1,NULL,NULL,NULL,NULL,NULL,NULL),(194,119,'2011-03-05 12:46:02',1,11,0,0,1,NULL,NULL,NULL,NULL,NULL,NULL),(195,119,'2011-03-05 12:47:29',1,11,0,0,1,NULL,NULL,NULL,NULL,NULL,NULL),(196,120,'2011-03-05 14:10:38',1,23,0,0,1,NULL,NULL,NULL,NULL,NULL,NULL),(197,120,'2011-03-05 14:10:45',1,23,0,0,1,NULL,NULL,NULL,NULL,NULL,NULL),(198,120,'2011-03-05 14:10:52',1,23,0,0,1,NULL,NULL,NULL,NULL,NULL,NULL),(199,121,'2011-03-05 14:12:35',1,34,0,0,1,NULL,NULL,NULL,NULL,NULL,NULL),(200,121,'2011-03-05 14:12:38',1,34,0,0,1,NULL,NULL,NULL,NULL,NULL,NULL),(201,121,'2011-03-05 14:12:39',1,34,0,0,1,NULL,NULL,NULL,NULL,NULL,NULL),(202,121,'2011-03-05 14:12:40',1,34,0,0,1,NULL,NULL,NULL,NULL,NULL,NULL),(203,121,'2011-03-05 14:12:40',1,34,0,0,1,NULL,NULL,NULL,NULL,NULL,NULL),(204,121,'2011-03-05 14:12:41',1,34,0,0,1,NULL,NULL,NULL,NULL,NULL,NULL),(205,121,'2011-03-05 14:12:43',1,34,0,0,1,NULL,NULL,NULL,NULL,NULL,NULL),(206,122,'2011-03-05 14:14:30',1,22,0,0,1,NULL,NULL,NULL,NULL,NULL,NULL),(207,123,'2011-03-05 14:16:42',1,67,0,0,1,NULL,NULL,NULL,NULL,NULL,NULL),(208,123,'2011-03-05 14:16:47',1,67,0,0,1,NULL,NULL,NULL,NULL,NULL,NULL),(209,123,'2011-03-05 14:16:49',1,67,0,0,1,NULL,NULL,NULL,NULL,NULL,NULL),(210,123,'2011-03-05 14:16:50',1,67,0,0,1,NULL,NULL,NULL,NULL,NULL,NULL),(211,123,'2011-03-05 14:16:54',1,67,0,0,1,NULL,NULL,NULL,NULL,NULL,NULL),(212,123,'2011-03-05 14:17:12',1,67,0,0,1,NULL,NULL,NULL,NULL,NULL,NULL),(213,123,'2011-03-05 14:17:38',1,67,0,0,1,NULL,NULL,NULL,NULL,NULL,NULL),(214,124,'2011-03-05 14:21:22',1,1212,0,0,1,NULL,NULL,NULL,NULL,NULL,NULL),(215,124,'2011-03-05 14:21:24',1,1212,0,0,1,NULL,NULL,NULL,NULL,NULL,NULL),(216,124,'2011-03-05 14:21:24',1,1212,0,0,1,NULL,NULL,NULL,NULL,NULL,NULL),(217,124,'2011-03-05 14:21:27',1,1212,0,0,1,NULL,NULL,NULL,NULL,NULL,NULL),(218,125,'2011-03-05 14:23:08',1,1,0,0,1,NULL,NULL,NULL,NULL,NULL,NULL),(219,125,'2011-03-05 14:23:09',1,1,0,0,1,NULL,NULL,NULL,NULL,NULL,NULL),(220,125,'2011-03-05 14:23:10',1,1,0,0,1,NULL,NULL,NULL,NULL,NULL,NULL),(221,125,'2011-03-05 14:23:12',1,1,0,0,1,NULL,NULL,NULL,NULL,NULL,NULL),(222,125,'2011-03-05 14:23:16',1,1,0,0,1,NULL,NULL,NULL,NULL,NULL,NULL),(223,125,'2011-03-05 14:23:21',1,1,0,0,1,NULL,NULL,NULL,NULL,NULL,NULL),(224,126,'2011-03-05 14:24:46',1,21,0,0,1,NULL,NULL,NULL,NULL,NULL,NULL),(225,126,'2011-03-05 14:24:47',1,21,0,0,1,NULL,NULL,NULL,NULL,NULL,NULL),(226,126,'2011-03-05 14:24:47',1,21,0,0,1,NULL,NULL,NULL,NULL,NULL,NULL),(227,126,'2011-03-05 14:24:48',1,21,0,0,1,NULL,NULL,NULL,NULL,NULL,NULL),(228,126,'2011-03-05 14:24:50',1,21,0,0,1,NULL,NULL,NULL,NULL,NULL,NULL),(229,126,'2011-03-05 14:24:59',1,21,0,0,1,NULL,NULL,NULL,NULL,NULL,NULL),(230,126,'2011-03-05 14:25:01',1,21,0,0,1,NULL,NULL,NULL,NULL,NULL,NULL),(231,127,'2011-03-05 14:27:05',1,3434,0,0,1,NULL,NULL,NULL,NULL,NULL,NULL),(232,128,'2011-03-05 14:32:58',1,11,0,0,1,NULL,NULL,NULL,NULL,NULL,NULL),(233,128,'2011-03-05 14:32:59',1,11,0,0,1,NULL,NULL,NULL,NULL,NULL,NULL),(234,128,'2011-03-05 14:33:00',1,11,0,0,1,NULL,NULL,NULL,NULL,NULL,NULL),(235,128,'2011-03-05 14:33:00',1,11,0,0,1,NULL,NULL,NULL,NULL,NULL,NULL),(236,128,'2011-03-05 14:33:02',1,11,0,0,1,NULL,NULL,NULL,NULL,NULL,NULL),(237,128,'2011-03-05 14:33:14',1,11,0,0,1,NULL,NULL,NULL,NULL,NULL,NULL),(238,129,'2011-03-05 14:39:11',1,1121,0,0,1,NULL,NULL,NULL,NULL,NULL,NULL),(239,129,'2011-03-05 14:39:12',1,1121,0,0,1,NULL,NULL,NULL,NULL,NULL,NULL),(240,129,'2011-03-05 14:39:13',1,1121,0,0,1,NULL,NULL,NULL,NULL,NULL,NULL),(241,129,'2011-03-05 14:39:13',1,1121,0,0,1,NULL,NULL,NULL,NULL,NULL,NULL),(242,129,'2011-03-05 14:39:15',1,1121,0,0,1,NULL,NULL,NULL,NULL,NULL,NULL),(243,130,'2011-03-05 14:41:03',1,3,0,0,1,NULL,NULL,NULL,NULL,NULL,NULL),(244,130,'2011-03-05 14:42:43',1,3,0,0,1,NULL,NULL,NULL,NULL,NULL,NULL),(245,130,'2011-03-05 14:43:46',1,3,0,0,1,NULL,NULL,NULL,NULL,NULL,NULL),(246,131,'2011-03-05 14:48:02',1,54,0,0,1,NULL,NULL,NULL,NULL,NULL,NULL),(247,131,'2011-03-05 14:48:03',1,54,0,0,1,NULL,NULL,NULL,NULL,NULL,NULL),(248,131,'2011-03-05 14:48:04',1,54,0,0,1,NULL,NULL,NULL,NULL,NULL,NULL),(249,131,'2011-03-05 14:48:04',1,54,0,0,1,NULL,NULL,NULL,NULL,NULL,NULL),(250,131,'2011-03-05 14:48:08',1,54,0,0,1,NULL,NULL,NULL,NULL,NULL,NULL),(251,131,'2011-03-05 14:48:30',1,54,0,0,1,NULL,NULL,NULL,NULL,NULL,NULL),(252,132,'2011-03-05 14:50:35',1,2,0,0,1,NULL,NULL,NULL,NULL,NULL,NULL),(253,132,'2011-03-05 14:50:36',1,2,0,0,1,NULL,NULL,NULL,NULL,NULL,NULL),(254,132,'2011-03-05 14:50:36',1,2,0,0,1,NULL,NULL,NULL,NULL,NULL,NULL),(255,132,'2011-03-05 14:50:36',1,2,0,0,1,NULL,NULL,NULL,NULL,NULL,NULL),(256,132,'2011-03-05 14:50:38',1,2,0,0,1,NULL,NULL,NULL,NULL,NULL,NULL),(257,133,'2011-03-05 14:54:52',1,121,0,0,1,NULL,NULL,NULL,NULL,NULL,NULL),(258,133,'2011-03-05 14:54:56',1,121,0,0,1,NULL,NULL,NULL,NULL,NULL,NULL),(259,133,'2011-03-05 14:54:56',1,121,0,0,1,NULL,NULL,NULL,NULL,NULL,NULL),(260,133,'2011-03-05 14:54:57',1,121,0,0,1,NULL,NULL,NULL,NULL,NULL,NULL),(261,133,'2011-03-05 14:54:59',1,121,0,0,1,NULL,NULL,NULL,NULL,NULL,NULL),(262,136,'2011-03-05 15:01:39',1,89,0,0,1,NULL,NULL,NULL,NULL,NULL,NULL),(263,136,'2011-03-05 15:02:01',1,89,0,0,1,NULL,NULL,NULL,NULL,NULL,NULL),(264,136,'2011-03-05 15:03:22',1,89,0,0,1,NULL,NULL,NULL,NULL,NULL,NULL),(275,137,'2011-03-05 16:00:14',1,2,0,0,1,NULL,NULL,NULL,NULL,NULL,NULL),(285,138,'2011-03-05 17:08:05',1,1,0,0,1,NULL,NULL,NULL,NULL,NULL,NULL),(286,138,'2011-03-05 17:08:05',2,2,0,0,1,NULL,NULL,NULL,NULL,NULL,NULL),(295,139,'2011-03-05 17:08:39',2,22,0,0,1,NULL,NULL,NULL,NULL,NULL,NULL),(296,139,'2011-03-05 17:08:39',1,1,0,0,1,NULL,NULL,NULL,NULL,NULL,NULL),(299,140,'2011-03-05 17:13:31',1,1,0,0,1,NULL,NULL,NULL,NULL,NULL,NULL),(310,141,'2011-03-05 23:14:52',1,141,0,0,1,NULL,NULL,NULL,NULL,NULL,NULL),(314,142,'2011-03-05 23:26:55',1,12,0,0,1,NULL,NULL,NULL,NULL,NULL,NULL),(318,143,'2011-03-05 23:33:35',1,1,0,0,1,NULL,NULL,NULL,NULL,NULL,NULL),(320,144,'2011-03-05 23:36:13',1,21,0,0,1,NULL,NULL,NULL,NULL,NULL,NULL),(322,145,'2011-03-05 23:51:35',1,23,0,0,1,NULL,NULL,NULL,NULL,NULL,NULL),(332,146,'2011-03-06 02:55:53',2,1,0,0,1,NULL,NULL,NULL,NULL,NULL,NULL),(334,149,'2011-03-06 03:06:56',1,3,0,0,1,NULL,NULL,NULL,NULL,NULL,NULL),(338,152,'2011-03-06 03:16:36',1,55,0,0,1,NULL,NULL,NULL,NULL,NULL,NULL),(342,153,'2011-03-06 03:17:51',1,555,0,0,1,NULL,NULL,NULL,NULL,NULL,NULL),(348,156,'2011-03-06 03:19:59',1,545,0,0,1,NULL,NULL,NULL,NULL,NULL,NULL),(353,157,'2011-03-06 03:22:07',1,565,0,0,1,NULL,NULL,NULL,NULL,NULL,NULL),(356,160,'2011-03-06 03:24:14',1,6,0,0,1,NULL,NULL,NULL,NULL,NULL,NULL),(359,161,'2011-03-06 03:24:32',1,55,0,0,1,NULL,NULL,NULL,NULL,NULL,NULL),(366,162,'2011-03-06 03:25:48',1,23,0,0,1,NULL,NULL,NULL,NULL,NULL,NULL),(375,170,'2011-03-06 03:26:51',1,77,0,0,1,NULL,NULL,NULL,NULL,NULL,NULL),(378,171,'2011-03-06 03:44:19',11,65,0,0,1,NULL,NULL,NULL,NULL,NULL,NULL),(388,172,'2011-03-06 03:46:42',1,6,0,0,1,NULL,NULL,NULL,NULL,NULL,NULL),(389,172,'2011-03-06 03:46:42',14,7,0,0,1,NULL,NULL,NULL,NULL,NULL,NULL),(390,173,'2011-03-06 03:47:53',15,5,0,0,1,NULL,NULL,NULL,NULL,NULL,NULL),(394,174,'2011-03-06 06:19:58',19,23,0,0,1,NULL,NULL,NULL,NULL,NULL,NULL),(399,175,'2011-03-06 23:19:14',1,55,0,0,1,NULL,NULL,NULL,NULL,NULL,NULL),(424,176,'2011-03-06 23:43:13',33,47,0,0,1,NULL,NULL,NULL,NULL,NULL,NULL),(425,177,'2011-03-06 23:55:09',34,99,0,0,1,NULL,NULL,NULL,NULL,NULL,NULL),(426,178,'2011-03-06 23:55:12',35,99,0,0,1,NULL,NULL,NULL,NULL,NULL,NULL),(427,179,'2011-03-06 23:55:46',36,99,0,0,1,NULL,NULL,NULL,NULL,NULL,NULL),(428,180,'2011-03-06 23:55:48',37,99,0,0,1,NULL,NULL,NULL,NULL,NULL,NULL),(429,181,'2011-03-06 23:55:48',38,99,0,0,1,NULL,NULL,NULL,NULL,NULL,NULL),(430,182,'2011-03-06 23:55:48',39,99,0,0,1,NULL,NULL,NULL,NULL,NULL,NULL),(431,183,'2011-03-06 23:55:49',40,99,0,0,1,NULL,NULL,NULL,NULL,NULL,NULL),(432,184,'2011-03-06 23:55:49',41,99,0,0,1,NULL,NULL,NULL,NULL,NULL,NULL),(433,185,'2011-03-06 23:56:33',42,99,0,0,1,NULL,NULL,NULL,NULL,NULL,NULL),(434,186,'2011-03-06 23:56:52',43,99,0,0,1,NULL,NULL,NULL,NULL,NULL,NULL),(435,187,'2011-03-06 23:58:21',44,1,0,0,1,NULL,NULL,NULL,NULL,NULL,NULL),(436,188,'2011-03-06 23:58:24',44,1,0,0,1,NULL,NULL,NULL,NULL,NULL,NULL),(437,189,'2011-03-06 23:58:25',44,1,0,0,1,NULL,NULL,NULL,NULL,NULL,NULL),(438,190,'2011-03-06 23:58:26',44,1,0,0,1,NULL,NULL,NULL,NULL,NULL,NULL),(439,191,'2011-03-06 23:58:26',44,1,0,0,1,NULL,NULL,NULL,NULL,NULL,NULL),(440,192,'2011-03-06 23:58:26',44,1,0,0,1,NULL,NULL,NULL,NULL,NULL,NULL),(441,193,'2011-03-06 23:58:26',44,1,0,0,1,NULL,NULL,NULL,NULL,NULL,NULL),(442,194,'2011-03-06 23:58:28',44,1,0,0,1,NULL,NULL,NULL,NULL,NULL,NULL),(443,195,'2011-03-06 23:58:28',44,1,0,0,1,NULL,NULL,NULL,NULL,NULL,NULL),(444,196,'2011-03-06 23:58:31',44,1,0,0,1,NULL,NULL,NULL,NULL,NULL,NULL),(445,197,'2011-03-06 23:58:50',44,1,0,0,1,NULL,NULL,NULL,NULL,NULL,NULL),(446,198,'2011-03-06 23:58:53',44,1,0,0,1,NULL,NULL,NULL,NULL,NULL,NULL),(447,199,'2011-03-06 23:58:54',44,1,0,0,1,NULL,NULL,NULL,NULL,NULL,NULL),(448,200,'2011-03-06 23:59:12',44,1,0,0,1,NULL,NULL,NULL,NULL,NULL,NULL),(449,201,'2011-03-06 23:59:36',44,1,0,0,1,NULL,NULL,NULL,NULL,NULL,NULL),(450,202,'2011-03-07 00:22:51',1,7,0,0,1,NULL,NULL,NULL,NULL,NULL,NULL),(451,203,'2011-03-07 00:22:53',1,7,0,0,1,NULL,NULL,NULL,NULL,NULL,NULL),(452,204,'2011-03-07 00:23:28',1,7,0,0,1,NULL,NULL,NULL,NULL,NULL,NULL),(455,205,'2011-03-07 00:24:53',1,6,0,0,1,NULL,NULL,NULL,NULL,NULL,NULL),(458,206,'2011-03-07 01:02:53',1,7,0,0,1,NULL,NULL,NULL,NULL,NULL,NULL),(460,207,'2011-03-07 01:05:12',1,2,0,0,1,NULL,NULL,NULL,NULL,NULL,NULL),(463,208,'2011-03-07 01:07:52',1,8,0,0,1,NULL,NULL,NULL,NULL,NULL,NULL),(466,209,'2011-03-07 01:08:30',1,5,0,0,1,NULL,NULL,NULL,NULL,NULL,NULL),(468,210,'2011-03-07 01:10:44',1,7,0,0,1,NULL,NULL,NULL,NULL,NULL,NULL),(472,211,'2011-03-07 01:12:02',1,5,0,0,1,NULL,NULL,NULL,NULL,NULL,NULL),(483,212,'2011-03-07 01:15:36',1,5,2,0,1,NULL,NULL,NULL,NULL,NULL,NULL),(486,213,'2011-03-07 01:21:32',1,8,0,0,1,NULL,NULL,NULL,NULL,NULL,NULL),(502,214,'2011-03-07 01:23:54',2,4,0,0,1,NULL,NULL,NULL,NULL,NULL,NULL),(513,215,'2011-03-07 01:25:25',1,7,0,0,1,NULL,NULL,NULL,NULL,NULL,NULL),(514,215,'2011-03-07 01:25:25',2,3,0,0,1,NULL,NULL,NULL,NULL,NULL,NULL),(537,216,'2011-03-07 01:32:22',2,87,0,0,1,NULL,NULL,NULL,NULL,NULL,NULL),(539,217,'2011-03-07 01:55:06',1,6,6,0,1,NULL,NULL,NULL,NULL,NULL,NULL),(541,218,'2011-03-07 02:43:45',1,44,0,0,1,NULL,NULL,NULL,NULL,NULL,NULL),(543,219,'2011-03-07 02:44:41',1,6,4,0,1,NULL,NULL,NULL,NULL,NULL,NULL),(545,220,'2011-03-07 02:47:47',1,7,0,0,1,NULL,NULL,NULL,NULL,NULL,NULL),(548,221,'2011-03-07 02:57:30',1,2,0,0,1,NULL,NULL,NULL,NULL,NULL,NULL),(553,222,'2011-03-07 03:02:10',1,2,0,0,1,NULL,NULL,NULL,NULL,'19.00',NULL),(556,223,'2011-03-07 03:19:18',1,6,0,0,1,NULL,NULL,NULL,NULL,'20.00',NULL),(559,224,'2011-03-07 03:19:44',1,9,0,0,1,NULL,NULL,NULL,NULL,'58.00',NULL),(562,225,'2011-03-07 04:36:39',1,23,0,0,1,NULL,NULL,NULL,NULL,'0.00',NULL),(633,226,'2011-03-08 06:11:04',56,87,77,0,1,NULL,NULL,NULL,NULL,'10.00',NULL),(634,226,'2011-03-08 06:11:04',57,78,70,0,1,NULL,NULL,NULL,NULL,'20.00',NULL),(636,227,'2011-03-08 06:12:01',1,10,0,0,1,NULL,NULL,NULL,NULL,'0.00',NULL),(641,228,'2011-03-08 06:13:12',1,2,1,0,1,NULL,NULL,NULL,NULL,'20.00',NULL),(653,229,'2011-03-08 06:32:05',59,10,0,0,1,NULL,NULL,NULL,NULL,'0.00','20.00'),(671,230,'2011-03-08 06:56:26',63,12,0,0,1,NULL,NULL,NULL,NULL,'240.00','20.00'),(678,231,'2011-03-08 07:02:02',64,1,0,0,1,NULL,NULL,NULL,NULL,'0.00',NULL),(686,233,'2011-03-08 08:26:56',1,1,0,0,1,NULL,NULL,NULL,NULL,'0.00','10.00'),(696,234,'2011-03-08 10:20:03',1,7,0,0,1,NULL,NULL,NULL,NULL,'0.00','10.00'),(698,235,'2011-03-08 10:20:40',1,7,0,0,1,NULL,NULL,NULL,NULL,'0.00','10.00'),(702,236,'2011-03-08 10:21:24',1,7,0,0,1,NULL,NULL,NULL,NULL,'0.00','10.00'),(704,237,'2011-03-08 10:22:52',1,7,0,0,1,NULL,NULL,NULL,NULL,'0.00','10.00'),(744,232,'2011-03-08 13:03:29',79,200,0,0,1,NULL,NULL,NULL,NULL,'0.00','2.50'),(820,239,'2011-03-08 13:30:46',84,2,0,0,1,NULL,NULL,NULL,NULL,'0.00','10.00'),(925,238,'2011-03-09 02:20:16',96,5,5,0,1,NULL,NULL,NULL,NULL,'12.50','2.50'),(926,238,'2011-03-09 02:20:16',97,1,0,0,1,NULL,NULL,NULL,NULL,'0.00','3.00'),(927,238,'2011-03-09 02:20:16',98,2,0,0,1,NULL,NULL,NULL,NULL,'0.00','2.00'),(929,240,'2011-03-09 10:43:42',1,10,0,0,1,NULL,NULL,NULL,NULL,'0.00','10.00'),(950,241,'2011-03-10 06:53:32',108,25,0,0,1,NULL,NULL,NULL,NULL,'0.00','10.00'),(951,241,'2011-03-10 06:53:32',109,10,0,0,1,NULL,NULL,NULL,NULL,'0.00','3.50');
/*!40000 ALTER TABLE `purchase_materials` ENABLE KEYS */;
UNLOCK TABLES;

--
-- Table structure for table `purchase_order_monitors`
--

DROP TABLE IF EXISTS `purchase_order_monitors`;
/*!40101 SET @saved_cs_client     = @@character_set_client */;
/*!40101 SET character_set_client = utf8 */;
CREATE TABLE `purchase_order_monitors` (
  `purchase_order_monitor_id` int(11) NOT NULL,
  `purchase_material_id` int(11) NOT NULL,
  `received_date` datetime NOT NULL,
  `received_quantity` int(11) NOT NULL,
  `modified_date` datetime NOT NULL,
  `modified_by` int(11) NOT NULL,
  PRIMARY KEY (`purchase_order_monitor_id`),
  KEY `fk_purchase_materials_purchase_order_monitors` (`purchase_material_id`),
  KEY `fk_users_purchase_order_monitors` (`modified_by`),
  CONSTRAINT `fk_purchase_materials_purchase_order_monitors` FOREIGN KEY (`purchase_material_id`) REFERENCES `purchase_materials` (`purchase_material_id`) ON DELETE NO ACTION ON UPDATE NO ACTION,
  CONSTRAINT `fk_users_purchase_order_monitors` FOREIGN KEY (`modified_by`) REFERENCES `users` (`user_id`) ON DELETE NO ACTION ON UPDATE NO ACTION
) ENGINE=InnoDB DEFAULT CHARSET=latin1;
/*!40101 SET character_set_client = @saved_cs_client */;

--
-- Dumping data for table `purchase_order_monitors`
--

LOCK TABLES `purchase_order_monitors` WRITE;
/*!40000 ALTER TABLE `purchase_order_monitors` DISABLE KEYS */;
/*!40000 ALTER TABLE `purchase_order_monitors` ENABLE KEYS */;
UNLOCK TABLES;

--
-- Table structure for table `purchase_orders`
--

DROP TABLE IF EXISTS `purchase_orders`;
/*!40101 SET @saved_cs_client     = @@character_set_client */;
/*!40101 SET character_set_client = utf8 */;
CREATE TABLE `purchase_orders` (
  `purchase_order_id` int(11) NOT NULL,
  `amount` decimal(10,2) DEFAULT NULL,
  `discount` decimal(10,2) DEFAULT NULL,
  PRIMARY KEY (`purchase_order_id`)
) ENGINE=InnoDB DEFAULT CHARSET=latin1;
/*!40101 SET character_set_client = @saved_cs_client */;

--
-- Dumping data for table `purchase_orders`
--

LOCK TABLES `purchase_orders` WRITE;
/*!40000 ALTER TABLE `purchase_orders` DISABLE KEYS */;
INSERT INTO `purchase_orders` VALUES (1,NULL,NULL),(2,NULL,NULL),(3,NULL,NULL),(4,NULL,NULL),(5,NULL,NULL),(6,NULL,NULL),(8,NULL,NULL),(9,NULL,NULL),(10,NULL,NULL),(11,NULL,NULL),(12,NULL,NULL),(13,NULL,NULL),(15,NULL,NULL),(17,NULL,NULL),(18,NULL,NULL),(19,NULL,NULL),(20,NULL,NULL),(21,NULL,NULL),(22,NULL,NULL),(23,NULL,NULL),(24,NULL,NULL),(25,NULL,NULL),(26,NULL,NULL),(27,NULL,NULL),(28,NULL,NULL),(29,NULL,NULL),(30,NULL,NULL),(31,NULL,NULL),(32,NULL,NULL),(33,NULL,NULL),(34,NULL,NULL),(35,NULL,NULL),(36,NULL,NULL),(37,NULL,NULL),(38,NULL,NULL),(39,NULL,NULL),(40,NULL,NULL),(41,NULL,NULL),(42,NULL,NULL),(43,NULL,NULL),(44,NULL,NULL),(45,NULL,NULL),(46,NULL,NULL),(47,NULL,NULL),(48,NULL,NULL),(49,NULL,NULL),(50,NULL,NULL),(51,NULL,NULL),(52,NULL,NULL),(53,NULL,NULL),(54,NULL,NULL),(55,NULL,NULL),(56,NULL,NULL),(57,NULL,NULL),(58,NULL,NULL),(59,NULL,NULL),(60,NULL,NULL),(61,NULL,NULL),(62,NULL,NULL),(63,NULL,NULL),(64,NULL,NULL),(65,NULL,NULL),(66,NULL,NULL),(67,NULL,NULL),(68,NULL,NULL),(69,NULL,NULL),(70,NULL,NULL),(71,NULL,NULL),(72,NULL,NULL),(73,NULL,NULL),(74,NULL,NULL),(75,NULL,NULL),(76,NULL,NULL),(77,NULL,NULL),(78,NULL,NULL),(79,NULL,NULL),(80,NULL,NULL),(81,NULL,NULL),(82,NULL,NULL),(83,NULL,NULL),(84,NULL,NULL),(85,NULL,NULL),(86,NULL,NULL),(87,NULL,NULL),(88,NULL,NULL),(89,NULL,NULL),(90,NULL,NULL),(91,NULL,NULL),(92,NULL,NULL),(93,NULL,NULL),(94,NULL,NULL),(95,NULL,NULL),(96,NULL,NULL),(97,NULL,NULL),(98,NULL,NULL),(99,NULL,NULL),(100,NULL,NULL),(101,NULL,NULL),(102,NULL,NULL),(103,NULL,NULL),(104,NULL,NULL),(105,NULL,NULL),(106,NULL,NULL),(107,NULL,NULL),(108,NULL,NULL),(109,NULL,NULL),(110,NULL,NULL),(111,NULL,NULL),(112,NULL,NULL),(113,NULL,NULL),(114,NULL,NULL),(115,NULL,NULL),(116,NULL,NULL),(117,NULL,NULL),(118,NULL,NULL),(119,NULL,NULL),(120,NULL,NULL),(121,NULL,NULL),(122,NULL,NULL),(123,NULL,NULL),(124,NULL,NULL),(125,NULL,NULL),(126,NULL,NULL),(127,NULL,NULL),(128,NULL,NULL),(129,NULL,NULL),(130,NULL,NULL),(131,NULL,NULL),(132,NULL,NULL),(133,NULL,NULL),(134,NULL,NULL),(135,NULL,NULL),(136,NULL,NULL),(137,NULL,NULL),(138,NULL,NULL),(139,NULL,NULL),(140,NULL,NULL),(141,NULL,NULL),(142,NULL,NULL),(143,NULL,NULL),(144,NULL,NULL),(145,NULL,NULL),(146,NULL,NULL),(149,NULL,NULL),(152,NULL,NULL),(153,NULL,NULL),(156,NULL,NULL),(157,NULL,NULL),(160,NULL,NULL),(161,NULL,NULL),(162,NULL,NULL),(170,NULL,NULL),(171,NULL,NULL),(172,NULL,NULL),(173,NULL,NULL),(174,NULL,NULL),(175,NULL,NULL),(176,NULL,NULL),(177,NULL,NULL),(178,NULL,NULL),(179,NULL,NULL),(180,NULL,NULL),(181,NULL,NULL),(182,NULL,NULL),(183,NULL,NULL),(184,NULL,NULL),(185,NULL,NULL),(186,NULL,NULL),(187,NULL,NULL),(188,NULL,NULL),(189,NULL,NULL),(190,NULL,NULL),(191,NULL,NULL),(192,NULL,NULL),(193,NULL,NULL),(194,NULL,NULL),(195,NULL,NULL),(196,NULL,NULL),(197,NULL,NULL),(198,NULL,NULL),(199,NULL,NULL),(200,NULL,NULL),(201,NULL,NULL),(202,NULL,NULL),(203,NULL,NULL),(204,NULL,NULL),(205,NULL,NULL),(206,NULL,NULL),(207,'2.00',NULL),(208,'2.00',NULL),(209,'2.30',NULL),(210,'2.30',NULL),(211,'11.50',NULL),(212,'50.00',NULL),(213,'80.00',NULL),(214,'20.00',NULL),(215,'70.00',NULL),(216,'1087.50',NULL),(217,NULL,NULL),(218,NULL,NULL),(219,'60.00',NULL),(220,'70.00',NULL),(221,'20.00',NULL),(222,'20.00',NULL),(223,'60.00',NULL),(224,'90.00',NULL),(225,'230.00',NULL),(226,'997.50',NULL),(227,'100.00',NULL),(228,'20.00',NULL),(229,'200.00',NULL),(230,'240.00',NULL),(231,'0.00',NULL),(232,'2754.50',NULL),(233,'10.00',NULL),(234,'70.00',NULL),(235,'70.00',NULL),(236,'70.00',NULL),(237,'70.00',NULL),(238,'19.50',NULL),(239,'20.00',NULL),(240,'100.00',NULL),(241,'285.00',NULL);
/*!40000 ALTER TABLE `purchase_orders` ENABLE KEYS */;
UNLOCK TABLES;

--
-- Table structure for table `rank_archives`
--

DROP TABLE IF EXISTS `rank_archives`;
/*!40101 SET @saved_cs_client     = @@character_set_client */;
/*!40101 SET character_set_client = utf8 */;
CREATE TABLE `rank_archives` (
  `rank_archive_id` int(11) NOT NULL,
  `vendor_id` int(11) NOT NULL,
  `rank` int(11) NOT NULL,
  `expired_date` varchar(45) NOT NULL,
  `modified_by` int(11) NOT NULL,
  PRIMARY KEY (`rank_archive_id`),
  KEY `fk_vendors_rank_archives` (`vendor_id`),
  KEY `fk_users_rank_archives` (`modified_by`),
  CONSTRAINT `fk_users_rank_archives` FOREIGN KEY (`modified_by`) REFERENCES `users` (`user_id`) ON DELETE NO ACTION ON UPDATE NO ACTION,
  CONSTRAINT `fk_vendors_rank_archives` FOREIGN KEY (`vendor_id`) REFERENCES `vendors` (`vendor_id`) ON DELETE NO ACTION ON UPDATE NO ACTION
) ENGINE=InnoDB DEFAULT CHARSET=latin1;
/*!40101 SET character_set_client = @saved_cs_client */;

--
-- Dumping data for table `rank_archives`
--

LOCK TABLES `rank_archives` WRITE;
/*!40000 ALTER TABLE `rank_archives` DISABLE KEYS */;
/*!40000 ALTER TABLE `rank_archives` ENABLE KEYS */;
UNLOCK TABLES;

--
-- Table structure for table `ranks`
--

DROP TABLE IF EXISTS `ranks`;
/*!40101 SET @saved_cs_client     = @@character_set_client */;
/*!40101 SET character_set_client = utf8 */;
CREATE TABLE `ranks` (
  `rank_id` int(11) NOT NULL,
  `vendor_id` int(11) NOT NULL,
  `rank` int(11) NOT NULL,
  `trust_level` varchar(45) DEFAULT NULL,
  `modified_date` datetime NOT NULL,
  `modified_by` int(11) NOT NULL,
  PRIMARY KEY (`rank_id`),
  UNIQUE KEY `vendor_id_UNIQUE` (`vendor_id`),
  KEY `fk_vendors_ranks` (`vendor_id`),
  KEY `fk_users_ranks` (`modified_by`),
  CONSTRAINT `fk_users_ranks` FOREIGN KEY (`modified_by`) REFERENCES `users` (`user_id`) ON DELETE NO ACTION ON UPDATE NO ACTION,
  CONSTRAINT `fk_vendors_ranks` FOREIGN KEY (`vendor_id`) REFERENCES `vendors` (`vendor_id`) ON DELETE NO ACTION ON UPDATE NO ACTION
) ENGINE=InnoDB DEFAULT CHARSET=latin1;
/*!40101 SET character_set_client = @saved_cs_client */;

--
-- Dumping data for table `ranks`
--

LOCK TABLES `ranks` WRITE;
/*!40000 ALTER TABLE `ranks` DISABLE KEYS */;
INSERT INTO `ranks` VALUES (1,1,1,'1','2000-01-01 00:00:00',1),(2,32,2,'2','2000-01-01 00:00:00',1),(3,39,3,'3','2000-01-01 00:00:00',1),(4,56,4,'4','2000-01-01 00:00:00',1),(5,57,5,'5','2000-01-01 00:00:00',1),(6,58,6,'6','2000-01-01 00:00:00',1),(7,59,0,NULL,'2011-01-16 17:33:05',1),(8,60,0,NULL,'2011-01-16 17:52:05',1),(9,61,0,NULL,'2011-01-17 21:35:24',1),(10,63,0,NULL,'2011-01-20 14:26:16',1),(11,64,0,NULL,'2011-01-30 12:48:37',1),(12,65,0,NULL,'2011-02-22 01:56:42',1);
/*!40000 ALTER TABLE `ranks` ENABLE KEYS */;
UNLOCK TABLES;

--
-- Table structure for table `users`
--

DROP TABLE IF EXISTS `users`;
/*!40101 SET @saved_cs_client     = @@character_set_client */;
/*!40101 SET character_set_client = utf8 */;
CREATE TABLE `users` (
  `user_id` int(11) NOT NULL,
  `name` varchar(45) NOT NULL,
  `role` varchar(45) NOT NULL,
  `address_id` int(11) DEFAULT NULL,
  `created_on` datetime NOT NULL,
  PRIMARY KEY (`user_id`),
  KEY `fk_addresses_users` (`address_id`),
  CONSTRAINT `fk_addresses_users` FOREIGN KEY (`address_id`) REFERENCES `addresses` (`address_id`) ON DELETE NO ACTION ON UPDATE NO ACTION
) ENGINE=InnoDB DEFAULT CHARSET=latin1;
/*!40101 SET character_set_client = @saved_cs_client */;

--
-- Dumping data for table `users`
--

LOCK TABLES `users` WRITE;
/*!40000 ALTER TABLE `users` DISABLE KEYS */;
INSERT INTO `users` VALUES (1,'admin','admin',1,'2000-01-01 00:00:00');
/*!40000 ALTER TABLE `users` ENABLE KEYS */;
UNLOCK TABLES;

--
-- Table structure for table `vendor_material_archives`
--

DROP TABLE IF EXISTS `vendor_material_archives`;
/*!40101 SET @saved_cs_client     = @@character_set_client */;
/*!40101 SET character_set_client = utf8 */;
CREATE TABLE `vendor_material_archives` (
  `vendor_material_archive_id` int(11) NOT NULL,
  `vendor_id` int(11) NOT NULL,
  `material_id` int(11) NOT NULL,
  `price_start_date` datetime DEFAULT NULL,
  `price_end_date` datetime DEFAULT NULL,
  `modified_date` datetime NOT NULL,
  `modified_by` int(11) NOT NULL,
  `price_per_qty` float DEFAULT NULL,
  PRIMARY KEY (`vendor_material_archive_id`),
  KEY `fk_vendors_vendor_material_archives` (`vendor_id`),
  KEY `fk_materials_vendor_material_archives` (`material_id`),
  KEY `fk_users_vendor_material_archives` (`modified_by`),
  CONSTRAINT `fk_materials_vendor_material_archives` FOREIGN KEY (`material_id`) REFERENCES `materials` (`material_id`) ON DELETE NO ACTION ON UPDATE NO ACTION,
  CONSTRAINT `fk_users_vendor_material_archives` FOREIGN KEY (`modified_by`) REFERENCES `users` (`user_id`) ON DELETE NO ACTION ON UPDATE NO ACTION,
  CONSTRAINT `fk_vendors_vendor_material_archives` FOREIGN KEY (`vendor_id`) REFERENCES `vendors` (`vendor_id`) ON DELETE NO ACTION ON UPDATE NO ACTION
) ENGINE=InnoDB DEFAULT CHARSET=latin1;
/*!40101 SET character_set_client = @saved_cs_client */;

--
-- Dumping data for table `vendor_material_archives`
--

LOCK TABLES `vendor_material_archives` WRITE;
/*!40000 ALTER TABLE `vendor_material_archives` DISABLE KEYS */;
/*!40000 ALTER TABLE `vendor_material_archives` ENABLE KEYS */;
UNLOCK TABLES;

--
-- Table structure for table `vendor_materials`
--

DROP TABLE IF EXISTS `vendor_materials`;
/*!40101 SET @saved_cs_client     = @@character_set_client */;
/*!40101 SET character_set_client = utf8 */;
CREATE TABLE `vendor_materials` (
  `vendor_material_id` int(11) NOT NULL,
  `vendor_id` int(11) NOT NULL,
  `material_id` int(11) NOT NULL,
  `price_start_date` datetime NOT NULL,
  `modified_date` datetime NOT NULL,
  `modified_by` int(11) NOT NULL,
  `max_qty_per_order` int(11) DEFAULT '65535',
  `price_per_qty` float DEFAULT NULL,
  PRIMARY KEY (`vendor_material_id`),
  KEY `fk_materials_vendor_materials` (`material_id`),
  KEY `fk_vendors_vendor_materials` (`vendor_id`),
  KEY `fk_users_vendor_materials` (`modified_by`),
  CONSTRAINT `fk_materials_vendor_materials` FOREIGN KEY (`material_id`) REFERENCES `materials` (`material_id`) ON DELETE NO ACTION ON UPDATE NO ACTION,
  CONSTRAINT `fk_users_vendor_materials` FOREIGN KEY (`modified_by`) REFERENCES `users` (`user_id`) ON DELETE NO ACTION ON UPDATE NO ACTION,
  CONSTRAINT `fk_vendors_vendor_materials` FOREIGN KEY (`vendor_id`) REFERENCES `vendors` (`vendor_id`) ON DELETE NO ACTION ON UPDATE NO ACTION
) ENGINE=InnoDB DEFAULT CHARSET=latin1;
/*!40101 SET character_set_client = @saved_cs_client */;

--
-- Dumping data for table `vendor_materials`
--

LOCK TABLES `vendor_materials` WRITE;
/*!40000 ALTER TABLE `vendor_materials` DISABLE KEYS */;
INSERT INTO `vendor_materials` VALUES (1,32,2,'2000-01-01 00:00:00','2011-03-08 06:23:33',1,65535,10),(2,39,3,'2000-01-01 00:00:00','2000-01-01 00:00:00',1,65535,2.5),(3,59,5,'2011-01-16 17:33:05','2011-01-16 17:33:05',1,NULL,2.5),(4,60,6,'2011-01-16 17:52:05','2011-01-16 17:52:05',1,NULL,2.5),(5,61,7,'2011-01-17 21:35:24','2011-01-17 21:35:24',1,NULL,2.5),(6,63,9,'2011-01-20 14:26:16','2011-01-20 14:26:16',1,NULL,2.5),(7,64,10,'2011-01-30 12:48:37','2011-01-30 12:48:37',1,NULL,2.5),(8,65,11,'2011-02-22 01:56:42','2011-02-22 01:56:42',1,NULL,2.5),(9,39,2,'2011-03-06 03:43:47','2011-03-06 03:43:47',1,NULL,2.5),(10,39,2,'2011-03-06 03:44:04','2011-03-06 03:44:04',1,NULL,2.5),(11,39,2,'2011-03-06 03:44:19','2011-03-06 03:44:19',1,NULL,2.5),(12,32,3,'2011-03-06 03:46:18','2011-03-06 03:46:18',1,NULL,2.5),(13,32,3,'2011-03-06 03:46:30','2011-03-06 03:46:30',1,NULL,2.5),(14,32,3,'2011-03-06 03:46:42','2011-03-06 03:46:42',1,NULL,2.5),(15,39,12,'2011-03-06 03:47:53','2011-03-06 03:47:53',1,NULL,2.5),(16,1,2,'2011-03-06 06:13:16','2011-03-06 06:13:16',1,NULL,NULL),(17,1,2,'2011-03-06 06:13:47','2011-03-06 06:13:47',1,NULL,NULL),(18,1,2,'2011-03-06 06:19:51','2011-03-06 06:19:51',1,NULL,NULL),(19,1,2,'2011-03-06 06:19:58','2011-03-06 06:19:58',1,NULL,NULL),(20,88,2,'2011-03-06 23:39:07','2011-03-06 23:39:07',1,NULL,NULL),(21,88,2,'2011-03-06 23:39:10','2011-03-06 23:39:10',1,NULL,NULL),(22,88,2,'2011-03-06 23:39:14','2011-03-06 23:39:14',1,NULL,NULL),(23,88,2,'2011-03-06 23:39:26','2011-03-06 23:39:26',1,NULL,NULL),(24,88,2,'2011-03-06 23:39:58','2011-03-06 23:39:58',1,NULL,NULL),(25,88,2,'2011-03-06 23:40:00','2011-03-06 23:40:00',1,NULL,NULL),(26,88,2,'2011-03-06 23:40:08','2011-03-06 23:40:08',1,NULL,5.01),(27,88,2,'2011-03-06 23:40:10','2011-03-06 23:40:10',1,NULL,5.01),(28,88,2,'2011-03-06 23:40:47','2011-03-06 23:40:47',1,NULL,5.01),(29,88,2,'2011-03-06 23:41:19','2011-03-06 23:41:19',1,NULL,5.01),(30,88,2,'2011-03-06 23:41:25','2011-03-06 23:41:25',1,NULL,5.02),(31,88,2,'2011-03-06 23:41:28','2011-03-06 23:41:28',1,NULL,5.02),(32,88,2,'2011-03-06 23:42:39','2011-03-06 23:42:39',1,NULL,5.02),(33,88,2,'2011-03-06 23:43:13','2011-03-06 23:43:13',1,NULL,5.02),(34,89,2,'2011-03-06 23:55:09','2011-03-06 23:55:09',1,NULL,10),(35,89,2,'2011-03-06 23:55:12','2011-03-06 23:55:12',1,NULL,10),(36,89,2,'2011-03-06 23:55:46','2011-03-06 23:55:46',1,NULL,10),(37,89,2,'2011-03-06 23:55:48','2011-03-06 23:55:48',1,NULL,10),(38,89,2,'2011-03-06 23:55:48','2011-03-06 23:55:48',1,NULL,10),(39,89,2,'2011-03-06 23:55:48','2011-03-06 23:55:48',1,NULL,10),(40,89,2,'2011-03-06 23:55:49','2011-03-06 23:55:49',1,NULL,10),(41,89,2,'2011-03-06 23:55:49','2011-03-06 23:55:49',1,NULL,10),(42,89,2,'2011-03-06 23:56:33','2011-03-06 23:56:33',1,NULL,10),(43,89,2,'2011-03-06 23:56:52','2011-03-06 23:56:52',1,NULL,10),(44,90,2,'2011-03-06 23:58:21','2011-03-06 23:58:53',1,NULL,44),(45,32,2,'2011-03-07 06:30:33','2011-03-07 06:30:33',1,NULL,10),(46,32,2,'2011-03-07 06:32:07','2011-03-07 06:32:07',1,NULL,10),(47,32,2,'2011-03-07 06:32:37','2011-03-07 06:32:37',1,NULL,10),(48,39,3,'2011-03-07 06:40:50','2011-03-07 06:40:50',1,NULL,2.5),(49,32,2,'2011-03-07 06:40:50','2011-03-07 06:40:50',1,NULL,10),(50,39,3,'2011-03-07 06:42:00','2011-03-07 06:42:00',1,NULL,2.5),(51,32,2,'2011-03-07 06:42:00','2011-03-07 06:42:00',1,NULL,10),(52,39,3,'2011-03-08 04:55:16','2011-03-08 04:55:16',1,NULL,2.5),(53,32,2,'2011-03-08 04:55:16','2011-03-08 04:55:16',1,NULL,10),(54,39,3,'2011-03-08 06:08:52','2011-03-08 06:08:52',1,NULL,2.5),(55,32,2,'2011-03-08 06:08:52','2011-03-08 06:08:52',1,NULL,10),(56,39,3,'2011-03-08 06:10:23','2011-03-08 06:10:23',1,NULL,2.5),(57,32,2,'2011-03-08 06:10:23','2011-03-08 06:10:23',1,NULL,10),(58,32,2,'2011-03-08 06:24:56','2011-03-08 06:24:56',1,NULL,NULL),(59,32,2,'2011-03-08 06:28:08','2011-03-08 06:28:08',1,NULL,NULL),(60,32,2,'2011-03-08 06:35:07','2011-03-08 06:35:07',1,NULL,NULL),(61,32,2,'2011-03-08 06:43:36','2011-03-08 06:43:36',1,NULL,NULL),(62,32,2,'2011-03-08 06:47:43','2011-03-08 06:47:43',1,NULL,NULL),(63,32,2,'2011-03-08 06:55:49','2011-03-08 06:55:49',1,NULL,NULL),(64,92,2,'2011-03-08 07:00:08','2011-03-08 07:00:08',1,NULL,0),(65,93,2,'2011-03-08 07:04:14','2011-03-08 07:04:14',1,NULL,3),(66,93,2,'2011-03-08 10:00:22','2011-03-08 10:00:22',1,NULL,33),(67,93,2,'2011-03-08 10:01:50','2011-03-08 10:01:50',1,NULL,33),(68,93,2,'2011-03-08 10:02:46','2011-03-08 10:02:46',1,NULL,33),(69,93,2,'2011-03-08 10:24:05','2011-03-08 10:24:05',1,NULL,33),(70,32,2,'2011-03-08 10:43:43','2011-03-08 10:43:43',1,NULL,10),(71,32,2,'2011-03-08 11:01:26','2011-03-08 11:01:26',1,NULL,10),(72,32,2,'2011-03-08 11:08:07','2011-03-08 11:08:07',1,NULL,10),(73,32,2,'2011-03-08 11:09:02','2011-03-08 11:09:02',1,NULL,10),(74,32,2,'2011-03-08 11:18:45','2011-03-08 11:18:45',1,NULL,10),(75,32,2,'2011-03-08 11:24:15','2011-03-08 11:24:15',1,NULL,10),(76,32,2,'2011-03-08 11:27:38','2011-03-08 11:27:38',1,NULL,100),(77,32,2,'2011-03-08 11:38:26','2011-03-08 11:38:26',1,NULL,50.1),(78,32,2,'2011-03-08 11:51:46','2011-03-08 11:51:46',1,NULL,50.1),(79,39,3,'2011-03-08 13:03:29','2011-03-08 13:03:29',1,NULL,2.5),(80,32,13,'2011-03-08 13:23:14','2011-03-08 13:23:14',1,NULL,3),(81,39,2,'2011-03-08 13:25:26','2011-03-09 09:39:33',1,NULL,2),(82,32,2,'2011-03-08 13:25:26','2011-03-08 13:25:26',1,NULL,10),(83,32,14,'2011-03-08 13:26:40','2011-03-08 13:26:40',1,NULL,3),(84,94,15,'2011-03-08 13:30:43','2011-03-08 13:30:43',1,NULL,10),(85,32,14,'2011-03-08 13:31:03','2011-03-08 13:31:03',1,NULL,3),(86,32,2,'2011-03-08 13:31:03','2011-03-08 13:31:03',1,NULL,10),(87,32,2,'2011-03-08 13:32:58','2011-03-08 13:32:58',1,NULL,10),(88,32,14,'2011-03-08 13:32:58','2011-03-08 13:32:58',1,NULL,3),(89,32,2,'2011-03-08 13:33:54','2011-03-08 13:33:54',1,NULL,10),(90,32,14,'2011-03-08 13:33:54','2011-03-08 13:33:54',1,NULL,3),(91,95,16,'2011-03-08 13:34:25','2011-03-08 13:34:25',1,NULL,2),(92,95,16,'2011-03-09 02:09:45','2011-03-09 02:09:45',1,NULL,2),(93,32,14,'2011-03-09 02:09:45','2011-03-09 02:09:45',1,NULL,3),(94,95,16,'2011-03-09 02:16:47','2011-03-09 02:16:47',1,NULL,2),(95,32,14,'2011-03-09 02:16:47','2011-03-09 02:16:47',1,NULL,3),(96,39,3,'2011-03-09 02:19:58','2011-03-09 02:19:58',1,NULL,2.5),(97,32,14,'2011-03-09 02:19:58','2011-03-09 02:19:58',1,NULL,3),(98,95,16,'2011-03-09 02:19:58','2011-03-09 02:19:58',1,NULL,2),(99,81,2,'2011-03-10 06:31:02','2011-03-10 06:31:02',1,NULL,3),(102,96,2,'2011-03-09 10:12:10','2011-03-09 10:12:10',1,NULL,2.3),(103,100,3,'2011-03-09 10:28:59','2011-03-09 10:28:59',1,NULL,2.2),(104,102,2,'2011-03-10 07:05:12','2011-03-10 07:05:12',1,NULL,10),(106,102,18,'2011-03-10 06:44:58','2011-03-10 06:44:58',1,NULL,5.29),(107,102,3,'2011-03-10 06:45:24','2011-03-10 06:45:24',1,NULL,89.2),(108,32,2,'2011-03-10 06:53:32','2011-03-10 06:53:32',1,NULL,10),(109,39,3,'2011-03-10 06:53:32','2011-03-10 06:53:32',1,NULL,3.5);
/*!40000 ALTER TABLE `vendor_materials` ENABLE KEYS */;
UNLOCK TABLES;

--
-- Table structure for table `vendors`
--

DROP TABLE IF EXISTS `vendors`;
/*!40101 SET @saved_cs_client     = @@character_set_client */;
/*!40101 SET character_set_client = utf8 */;
CREATE TABLE `vendors` (
  `vendor_id` int(11) NOT NULL,
  `name` varchar(45) NOT NULL,
  `address_id` int(11) DEFAULT '1',
  PRIMARY KEY (`vendor_id`),
  UNIQUE KEY `name_UNIQUE` (`name`),
  KEY `fk_addresses_vendors` (`address_id`),
  CONSTRAINT `fk_addresses_vendors` FOREIGN KEY (`address_id`) REFERENCES `addresses` (`address_id`) ON DELETE NO ACTION ON UPDATE NO ACTION
) ENGINE=InnoDB DEFAULT CHARSET=latin1;
/*!40101 SET character_set_client = @saved_cs_client */;

--
-- Dumping data for table `vendors`
--

LOCK TABLES `vendors` WRITE;
/*!40000 ALTER TABLE `vendors` DISABLE KEYS */;
INSERT INTO `vendors` VALUES (1,'duu',1),(32,'gdf',32),(39,'vndr1',39),(56,'vvv',56),(57,'vdf1',57),(58,'vendor1',58),(59,'vendor2',59),(60,'vendor3',60),(61,'vendor4',1),(62,'testing',61),(63,'v12',1),(64,'vdd',1),(65,'nvendor',1),(66,'vdr',62),(67,'bvendor1',63),(68,'bv2',64),(69,'n',65),(70,'b',119),(71,'',67),(72,'bi',120),(73,'bin',123),(74,'binu',124),(75,'biny',122),(76,'binu1',125),(77,'binu1d',126),(78,'binu1df',127),(79,'binu1odd',128),(80,'binu12',129),(81,'binu123',130),(82,'binu123y',131),(83,'newvendor',132),(84,'//localhost',133),(85,'newbinu',134),(87,'binu221',135),(88,'pvndr1',1),(89,'dvendor1',1),(90,'dvendor2',1),(91,'ne',136),(92,'gdf1',1),(93,'gdf3',1),(94,'rv1',1),(95,'rv4',1),(96,'nonexist1',137),(97,'hh',138),(98,'fg',139),(99,'nee',140),(100,'dfs',141),(101,'neo',142),(102,'vendor',143);
/*!40000 ALTER TABLE `vendors` ENABLE KEYS */;
UNLOCK TABLES;
/*!40103 SET TIME_ZONE=@OLD_TIME_ZONE */;

/*!40101 SET SQL_MODE=@OLD_SQL_MODE */;
/*!40014 SET FOREIGN_KEY_CHECKS=@OLD_FOREIGN_KEY_CHECKS */;
/*!40014 SET UNIQUE_CHECKS=@OLD_UNIQUE_CHECKS */;
/*!40101 SET CHARACTER_SET_CLIENT=@OLD_CHARACTER_SET_CLIENT */;
/*!40101 SET CHARACTER_SET_RESULTS=@OLD_CHARACTER_SET_RESULTS */;
/*!40101 SET COLLATION_CONNECTION=@OLD_COLLATION_CONNECTION */;
/*!40111 SET SQL_NOTES=@OLD_SQL_NOTES */;

-- Dump completed on 2011-03-10  7:16:31
